"ID_department";"department_name";"department_categories";"ID_province";"id_user_create";"id_user_update";"date_create";"date_update"
1;"25 de mayo";"Partido";1;13;13;"2025-05-29 00:00:00";"2025-05-29 00:00:00"
2;"9 de julio";"Partido";1;13;13;"2025-05-29 00:00:00";"2025-05-29 00:00:00"
3;"Adolfo Alsina";"Partido";1;13;13;"2025-05-29 00:00:00";"2025-05-29 00:00:00"
4;"Adolfo Gonzales Chaves";"Partido";1;13;13;"2025-05-29 00:00:00";"2025-05-29 00:00:00"
5;"Alberti";"Partido";1;13;13;"2025-05-29 00:00:00";"2025-05-29 00:00:00"
6;"Almirante Brown";"Partido";1;13;13;"2025-05-29 00:00:00";"2025-05-29 00:00:00"
7;"Arrecifes";"Partido";1;13;13;"2025-05-29 00:00:00";"2025-05-29 00:00:00"
8;"Avellaneda";"Partido";1;13;13;"2025-05-29 00:00:00";"2025-05-29 00:00:00"
9;"Ayacucho";"Partido";1;13;13;"2025-05-29 00:00:00";"2025-05-29 00:00:00"
10;"Azul";"Partido";1;13;13;"2025-05-29 00:00:00";"2025-05-29 00:00:00"
11;"Bahía Blanca";"Partido";1;13;13;"2025-05-29 00:00:00";"2025-05-29 00:00:00"
12;"Balcarce";"Partido";1;13;13;"2025-05-29 00:00:00";"2025-05-29 00:00:00"
13;"Baradero";"Partido";1;13;13;"2025-05-29 00:00:00";"2025-05-29 00:00:00"
14;"Benito Juárez";"Partido";1;13;13;"2025-05-29 00:00:00";"2025-05-29 00:00:00"
15;"Berazategui";"Partido";1;13;13;"2025-05-29 00:00:00";"2025-05-29 00:00:00"
16;"Berisso";"Partido";1;13;13;"2025-05-29 00:00:00";"2025-05-29 00:00:00"
17;"Bolívar";"Partido";1;13;13;"2025-05-29 00:00:00";"2025-05-29 00:00:00"
18;"Bragado";"Partido";1;13;13;"2025-05-29 00:00:00";"2025-05-29 00:00:00"
19;"Brandsen";"Partido";1;13;13;"2025-05-29 00:00:00";"2025-05-29 00:00:00"
20;"Campana";"Partido";1;13;13;"2025-05-29 00:00:00";"2025-05-29 00:00:00"
21;"Cañuelas";"Partido";1;13;13;"2025-05-29 00:00:00";"2025-05-29 00:00:00"
22;"Capitán Sarmiento";"Partido";1;13;13;"2025-05-29 00:00:00";"2025-05-29 00:00:00"
23;"Carlos Casares";"Partido";1;13;13;"2025-05-29 00:00:00";"2025-05-29 00:00:00"
24;"Carlos Tejedor";"Partido";1;13;13;"2025-05-29 00:00:00";"2025-05-29 00:00:00"
25;"Carmen de Areco";"Partido";1;13;13;"2025-05-29 00:00:00";"2025-05-29 00:00:00"
26;"Castelli";"Partido";1;13;13;"2025-05-29 00:00:00";"2025-05-29 00:00:00"
27;"Chacabuco";"Partido";1;13;13;"2025-05-29 00:00:00";"2025-05-29 00:00:00"
28;"Chascomús";"Partido";1;13;13;"2025-05-29 00:00:00";"2025-05-29 00:00:00"
29;"Chivilcoy";"Partido";1;13;13;"2025-05-29 00:00:00";"2025-05-29 00:00:00"
30;"Colón";"Partido";1;13;13;"2025-05-29 00:00:00";"2025-05-29 00:00:00"
31;"Coronel de Marina Leonardo Rosales";"Partido";1;13;13;"2025-05-29 00:00:00";"2025-05-29 00:00:00"
32;"Coronel Dorrego";"Partido";1;13;13;"2025-05-29 00:00:00";"2025-05-29 00:00:00"
33;"Coronel Pringles";"Partido";1;13;13;"2025-05-29 00:00:00";"2025-05-29 00:00:00"
34;"Coronel Suárez";"Partido";1;13;13;"2025-05-29 00:00:00";"2025-05-29 00:00:00"
35;"Daireaux";"Partido";1;13;13;"2025-05-29 00:00:00";"2025-05-29 00:00:00"
36;"Dolores";"Partido";1;13;13;"2025-05-29 00:00:00";"2025-05-29 00:00:00"
37;"Ensenada";"Partido";1;13;13;"2025-05-29 00:00:00";"2025-05-29 00:00:00"
38;"Escobar";"Partido";1;13;13;"2025-05-29 00:00:00";"2025-05-29 00:00:00"
39;"Esteban Echeverría";"Partido";1;13;13;"2025-05-29 00:00:00";"2025-05-29 00:00:00"
40;"Exaltación de la Cruz";"Partido";1;13;13;"2025-05-29 00:00:00";"2025-05-29 00:00:00"
41;"Ezeiza";"Partido";1;13;13;"2025-05-29 00:00:00";"2025-05-29 00:00:00"
42;"Florencio Varela";"Partido";1;13;13;"2025-05-29 00:00:00";"2025-05-29 00:00:00"
43;"Florentino Ameghino";"Partido";1;13;13;"2025-05-29 00:00:00";"2025-05-29 00:00:00"
44;"General Alvarado";"Partido";1;13;13;"2025-05-29 00:00:00";"2025-05-29 00:00:00"
45;"General Alvear";"Partido";1;13;13;"2025-05-29 00:00:00";"2025-05-29 00:00:00"
46;"General Arenales";"Partido";1;13;13;"2025-05-29 00:00:00";"2025-05-29 00:00:00"
47;"General Belgrano";"Partido";1;13;13;"2025-05-29 00:00:00";"2025-05-29 00:00:00"
48;"General Guido";"Partido";1;13;13;"2025-05-29 00:00:00";"2025-05-29 00:00:00"
49;"General Juan Madariaga";"Partido";1;13;13;"2025-05-29 00:00:00";"2025-05-29 00:00:00"
50;"General La Madrid";"Partido";1;13;13;"2025-05-29 00:00:00";"2025-05-29 00:00:00"
51;"General Las Heras";"Partido";1;13;13;"2025-05-29 00:00:00";"2025-05-29 00:00:00"
52;"General Lavalle";"Partido";1;13;13;"2025-05-29 00:00:00";"2025-05-29 00:00:00"
53;"General Paz";"Partido";1;13;13;"2025-05-29 00:00:00";"2025-05-29 00:00:00"
54;"General Pinto";"Partido";1;13;13;"2025-05-29 00:00:00";"2025-05-29 00:00:00"
55;"General Pueyrredón";"Partido";1;13;13;"2025-05-29 00:00:00";"2025-05-29 00:00:00"
56;"General Rodríguez";"Partido";1;13;13;"2025-05-29 00:00:00";"2025-05-29 00:00:00"
57;"General San Martín";"Partido";1;13;13;"2025-05-29 00:00:00";"2025-05-29 00:00:00"
58;"General Viamonte";"Partido";1;13;13;"2025-05-29 00:00:00";"2025-05-29 00:00:00"
59;"General Villegas";"Partido";1;13;13;"2025-05-29 00:00:00";"2025-05-29 00:00:00"
60;"Guaminí";"Partido";1;13;13;"2025-05-29 00:00:00";"2025-05-29 00:00:00"
61;"Hipólito Yrigoyen";"Partido";1;13;13;"2025-05-29 00:00:00";"2025-05-29 00:00:00"
62;"Hurlingham";"Partido";1;13;13;"2025-05-29 00:00:00";"2025-05-29 00:00:00"
63;"Ituzaingó";"Partido";1;13;13;"2025-05-29 00:00:00";"2025-05-29 00:00:00"
64;"José C. Paz";"Partido";1;13;13;"2025-05-29 00:00:00";"2025-05-29 00:00:00"
65;"Junín";"Partido";1;13;13;"2025-05-29 00:00:00";"2025-05-29 00:00:00"
66;"La Costa";"Partido";1;13;13;"2025-05-29 00:00:00";"2025-05-29 00:00:00"
67;"La Matanza";"Partido";1;13;13;"2025-05-29 00:00:00";"2025-05-29 00:00:00"
68;"La Plata";"Partido";1;13;13;"2025-05-29 00:00:00";"2025-05-29 00:00:00"
69;"Lanús";"Partido";1;13;13;"2025-05-29 00:00:00";"2025-05-29 00:00:00"
70;"Laprida";"Partido";1;13;13;"2025-05-29 00:00:00";"2025-05-29 00:00:00"
71;"Las Flores";"Partido";1;13;13;"2025-05-29 00:00:00";"2025-05-29 00:00:00"
72;"Leandro N. Alem";"Partido";1;13;13;"2025-05-29 00:00:00";"2025-05-29 00:00:00"
73;"Lezama";"Partido";1;13;13;"2025-05-29 00:00:00";"2025-05-29 00:00:00"
74;"Lincoln";"Partido";1;13;13;"2025-05-29 00:00:00";"2025-05-29 00:00:00"
75;"Lobería";"Partido";1;13;13;"2025-05-29 00:00:00";"2025-05-29 00:00:00"
76;"Lobos";"Partido";1;13;13;"2025-05-29 00:00:00";"2025-05-29 00:00:00"
77;"Lomas de Zamora";"Partido";1;13;13;"2025-05-29 00:00:00";"2025-05-29 00:00:00"
78;"Luján";"Partido";1;13;13;"2025-05-29 00:00:00";"2025-05-29 00:00:00"
79;"Magdalena";"Partido";1;13;13;"2025-05-29 00:00:00";"2025-05-29 00:00:00"
80;"Maipú";"Partido";1;13;13;"2025-05-29 00:00:00";"2025-05-29 00:00:00"
81;"Malvinas Argentinas";"Partido";1;13;13;"2025-05-29 00:00:00";"2025-05-29 00:00:00"
82;"Mar Chiquita";"Partido";1;13;13;"2025-05-29 00:00:00";"2025-05-29 00:00:00"
83;"Marcos Paz";"Partido";1;13;13;"2025-05-29 00:00:00";"2025-05-29 00:00:00"
84;"Mercedes";"Partido";1;13;13;"2025-05-29 00:00:00";"2025-05-29 00:00:00"
85;"Merlo";"Partido";1;13;13;"2025-05-29 00:00:00";"2025-05-29 00:00:00"
86;"Monte";"Partido";1;13;13;"2025-05-29 00:00:00";"2025-05-29 00:00:00"
87;"Monte Hermoso";"Partido";1;13;13;"2025-05-29 00:00:00";"2025-05-29 00:00:00"
88;"Moreno";"Partido";1;13;13;"2025-05-29 00:00:00";"2025-05-29 00:00:00"
89;"Morón";"Partido";1;13;13;"2025-05-29 00:00:00";"2025-05-29 00:00:00"
90;"Navarro";"Partido";1;13;13;"2025-05-29 00:00:00";"2025-05-29 00:00:00"
91;"Necochea";"Partido";1;13;13;"2025-05-29 00:00:00";"2025-05-29 00:00:00"
92;"Olavarría";"Partido";1;13;13;"2025-05-29 00:00:00";"2025-05-29 00:00:00"
93;"Patagones";"Partido";1;13;13;"2025-05-29 00:00:00";"2025-05-29 00:00:00"
94;"Pehuajó";"Partido";1;13;13;"2025-05-29 00:00:00";"2025-05-29 00:00:00"
95;"Pellegrini";"Partido";1;13;13;"2025-05-29 00:00:00";"2025-05-29 00:00:00"
96;"Pergamino";"Partido";1;13;13;"2025-05-29 00:00:00";"2025-05-29 00:00:00"
97;"Pila";"Partido";1;13;13;"2025-05-29 00:00:00";"2025-05-29 00:00:00"
98;"Pilar";"Partido";1;13;13;"2025-05-29 00:00:00";"2025-05-29 00:00:00"
99;"Pinamar";"Partido";1;13;13;"2025-05-29 00:00:00";"2025-05-29 00:00:00"
100;"Presidente Perón";"Partido";1;13;13;"2025-05-29 00:00:00";"2025-05-29 00:00:00"
101;"Puán";"Partido";1;13;13;"2025-05-29 00:00:00";"2025-05-29 00:00:00"
102;"Punta Indio";"Partido";1;13;13;"2025-05-29 00:00:00";"2025-05-29 00:00:00"
103;"Quilmes";"Partido";1;13;13;"2025-05-29 00:00:00";"2025-05-29 00:00:00"
104;"Ramallo";"Partido";1;13;13;"2025-05-29 00:00:00";"2025-05-29 00:00:00"
105;"Rauch";"Partido";1;13;13;"2025-05-29 00:00:00";"2025-05-29 00:00:00"
106;"Rivadavia";"Partido";1;13;13;"2025-05-29 00:00:00";"2025-05-29 00:00:00"
107;"Rojas";"Partido";1;13;13;"2025-05-29 00:00:00";"2025-05-29 00:00:00"
108;"Roque Pérez";"Partido";1;13;13;"2025-05-29 00:00:00";"2025-05-29 00:00:00"
109;"Saavedra";"Partido";1;13;13;"2025-05-29 00:00:00";"2025-05-29 00:00:00"
110;"Saladillo";"Partido";1;13;13;"2025-05-29 00:00:00";"2025-05-29 00:00:00"
111;"Salliqueló";"Partido";1;13;13;"2025-05-29 00:00:00";"2025-05-29 00:00:00"
112;"Salto";"Partido";1;13;13;"2025-05-29 00:00:00";"2025-05-29 00:00:00"
113;"San Andrés de Giles";"Partido";1;13;13;"2025-05-29 00:00:00";"2025-05-29 00:00:00"
114;"San Antonio de Areco";"Partido";1;13;13;"2025-05-29 00:00:00";"2025-05-29 00:00:00"
115;"San Cayetano";"Partido";1;13;13;"2025-05-29 00:00:00";"2025-05-29 00:00:00"
116;"San Fernando";"Partido";1;13;13;"2025-05-29 00:00:00";"2025-05-29 00:00:00"
117;"San Isidro";"Partido";1;13;13;"2025-05-29 00:00:00";"2025-05-29 00:00:00"
118;"San Miguel";"Partido";1;13;13;"2025-05-29 00:00:00";"2025-05-29 00:00:00"
119;"San Nicolás";"Partido";1;13;13;"2025-05-29 00:00:00";"2025-05-29 00:00:00"
120;"San Pedro";"Partido";1;13;13;"2025-05-29 00:00:00";"2025-05-29 00:00:00"
121;"San Vicente";"Partido";1;13;13;"2025-05-29 00:00:00";"2025-05-29 00:00:00"
122;"Suipacha";"Partido";1;13;13;"2025-05-29 00:00:00";"2025-05-29 00:00:00"
123;"Tandil";"Partido";1;13;13;"2025-05-29 00:00:00";"2025-05-29 00:00:00"
124;"Tapalqué";"Partido";1;13;13;"2025-05-29 00:00:00";"2025-05-29 00:00:00"
125;"Tigre";"Partido";1;13;13;"2025-05-29 00:00:00";"2025-05-29 00:00:00"
126;"Tordillo";"Partido";1;13;13;"2025-05-29 00:00:00";"2025-05-29 00:00:00"
127;"Tornquist";"Partido";1;13;13;"2025-05-29 00:00:00";"2025-05-29 00:00:00"
128;"Trenque Lauquen";"Partido";1;13;13;"2025-05-29 00:00:00";"2025-05-29 00:00:00"
129;"Tres Arroyos";"Partido";1;13;13;"2025-05-29 00:00:00";"2025-05-29 00:00:00"
130;"Tres de Febrero";"Partido";1;13;13;"2025-05-29 00:00:00";"2025-05-29 00:00:00"
131;"Tres Lomas";"Partido";1;13;13;"2025-05-29 00:00:00";"2025-05-29 00:00:00"
132;"Vicente López";"Partido";1;13;13;"2025-05-29 00:00:00";"2025-05-29 00:00:00"
133;"Villa Gesell";"Partido";1;13;13;"2025-05-29 00:00:00";"2025-05-29 00:00:00"
134;"Villarino";"Partido";1;13;13;"2025-05-29 00:00:00";"2025-05-29 00:00:00"
135;"Zárate";"Partido";1;13;13;"2025-05-29 00:00:00";"2025-05-29 00:00:00"
1;"Comuna 1";"Comuna";2;13;13;"2025-05-29 00:00:00";"2025-05-29 00:00:00"
2;"Comuna 2";"Comuna";2;13;13;"2025-05-29 00:00:00";"2025-05-29 00:00:00"
3;"Comuna 3";"Comuna";2;13;13;"2025-05-29 00:00:00";"2025-05-29 00:00:00"
4;"Comuna 4";"Comuna";2;13;13;"2025-05-29 00:00:00";"2025-05-29 00:00:00"
5;"Comuna 5";"Comuna";2;13;13;"2025-05-29 00:00:00";"2025-05-29 00:00:00"
6;"Comuna 6";"Comuna";2;13;13;"2025-05-29 00:00:00";"2025-05-29 00:00:00"
7;"Comuna 7";"Comuna";2;13;13;"2025-05-29 00:00:00";"2025-05-29 00:00:00"
8;"Comuna 8";"Comuna";2;13;13;"2025-05-29 00:00:00";"2025-05-29 00:00:00"
9;"Comuna 9";"Comuna";2;13;13;"2025-05-29 00:00:00";"2025-05-29 00:00:00"
10;"Comuna 10";"Comuna";2;13;13;"2025-05-29 00:00:00";"2025-05-29 00:00:00"
11;"Comuna 11";"Comuna";2;13;13;"2025-05-29 00:00:00";"2025-05-29 00:00:00"
12;"Comuna 12";"Comuna";2;13;13;"2025-05-29 00:00:00";"2025-05-29 00:00:00"
13;"Comuna 13";"Comuna";2;13;13;"2025-05-29 00:00:00";"2025-05-29 00:00:00"
14;"Comuna 14";"Comuna";2;13;13;"2025-05-29 00:00:00";"2025-05-29 00:00:00"
15;"Comuna 15";"Comuna";2;13;13;"2025-05-29 00:00:00";"2025-05-29 00:00:00"
1;"Ambato";"Departamento";3;13;13;"2025-05-29 00:00:00";"2025-05-29 00:00:00"
2;"Ancasti";"Departamento";3;13;13;"2025-05-29 00:00:00";"2025-05-29 00:00:00"
3;"Andalgalá";"Departamento";3;13;13;"2025-05-29 00:00:00";"2025-05-29 00:00:00"
4;"Antofagasta de la Sierra";"Departamento";3;13;13;"2025-05-29 00:00:00";"2025-05-29 00:00:00"
5;"Belén";"Departamento";3;13;13;"2025-05-29 00:00:00";"2025-05-29 00:00:00"
6;"Capayán";"Departamento";3;13;13;"2025-05-29 00:00:00";"2025-05-29 00:00:00"
7;"Capital";"Departamento";3;13;13;"2025-05-29 00:00:00";"2025-05-29 00:00:00"
8;"El Alto";"Departamento";3;13;13;"2025-05-29 00:00:00";"2025-05-29 00:00:00"
9;"Fray Mamerto Esquiú";"Departamento";3;13;13;"2025-05-29 00:00:00";"2025-05-29 00:00:00"
10;"La Paz";"Departamento";3;13;13;"2025-05-29 00:00:00";"2025-05-29 00:00:00"
11;"Paclín";"Departamento";3;13;13;"2025-05-29 00:00:00";"2025-05-29 00:00:00"
12;"Pomán";"Departamento";3;13;13;"2025-05-29 00:00:00";"2025-05-29 00:00:00"
13;"Santa María";"Departamento";3;13;13;"2025-05-29 00:00:00";"2025-05-29 00:00:00"
14;"Santa Rosa";"Departamento";3;13;13;"2025-05-29 00:00:00";"2025-05-29 00:00:00"
15;"Tinogasta";"Departamento";3;13;13;"2025-05-29 00:00:00";"2025-05-29 00:00:00"
16;"Valle Viejo";"Departamento";3;13;13;"2025-05-29 00:00:00";"2025-05-29 00:00:00"
1;"2 de abril";"Departamento";4;13;13;"2025-05-29 00:00:00";"2025-05-29 00:00:00"
2;"25 de mayo";"Departamento";4;13;13;"2025-05-29 00:00:00";"2025-05-29 00:00:00"
3;"9 de julio";"Departamento";4;13;13;"2025-05-29 00:00:00";"2025-05-29 00:00:00"
4;"12 de octubre";"Departamento";4;13;13;"2025-05-29 00:00:00";"2025-05-29 00:00:00"
5;"1 de mayo";"Departamento";4;13;13;"2025-05-29 00:00:00";"2025-05-29 00:00:00"
6;"Almirante Brown";"Departamento";4;13;13;"2025-05-29 00:00:00";"2025-05-29 00:00:00"
7;"Bermejo";"Departamento";4;13;13;"2025-05-29 00:00:00";"2025-05-29 00:00:00"
8;"Chacabuco";"Departamento";4;13;13;"2025-05-29 00:00:00";"2025-05-29 00:00:00"
9;"Comandante Fernández";"Departamento";4;13;13;"2025-05-29 00:00:00";"2025-05-29 00:00:00"
10;"Fray Justo Santa María de Oro";"Departamento";4;13;13;"2025-05-29 00:00:00";"2025-05-29 00:00:00"
11;"General Belgrano";"Departamento";4;13;13;"2025-05-29 00:00:00";"2025-05-29 00:00:00"
12;"General Donovan";"Departamento";4;13;13;"2025-05-29 00:00:00";"2025-05-29 00:00:00"
13;"General Güemes";"Departamento";4;13;13;"2025-05-29 00:00:00";"2025-05-29 00:00:00"
14;"Independencia";"Departamento";4;13;13;"2025-05-29 00:00:00";"2025-05-29 00:00:00"
15;"Libertad";"Departamento";4;13;13;"2025-05-29 00:00:00";"2025-05-29 00:00:00"
16;"Libertador General San Martín";"Departamento";4;13;13;"2025-05-29 00:00:00";"2025-05-29 00:00:00"
17;"Maipú";"Departamento";4;13;13;"2025-05-29 00:00:00";"2025-05-29 00:00:00"
18;"Mayor Luis J. Fontana";"Departamento";4;13;13;"2025-05-29 00:00:00";"2025-05-29 00:00:00"
19;"O'Higgins";"Departamento";4;13;13;"2025-05-29 00:00:00";"2025-05-29 00:00:00"
20;"Presidencia de la Plaza";"Departamento";4;13;13;"2025-05-29 00:00:00";"2025-05-29 00:00:00"
21;"Quitilipi";"Departamento";4;13;13;"2025-05-29 00:00:00";"2025-05-29 00:00:00"
22;"San Fernando";"Departamento";4;13;13;"2025-05-29 00:00:00";"2025-05-29 00:00:00"
23;"San Lorenzo";"Departamento";4;13;13;"2025-05-29 00:00:00";"2025-05-29 00:00:00"
24;"Sargento Cabral";"Departamento";4;13;13;"2025-05-29 00:00:00";"2025-05-29 00:00:00"
25;"Tapenagá";"Departamento";4;13;13;"2025-05-29 00:00:00";"2025-05-29 00:00:00"
1;"Biedma";"Departamento";5;13;13;"2025-05-29 00:00:00";"2025-05-29 00:00:00"
2;"Cushamen";"Departamento";5;13;13;"2025-05-29 00:00:00";"2025-05-29 00:00:00"
3;"Escalante";"Departamento";5;13;13;"2025-05-29 00:00:00";"2025-05-29 00:00:00"
4;"Florentino Ameghino";"Departamento";5;13;13;"2025-05-29 00:00:00";"2025-05-29 00:00:00"
5;"Futaleufú";"Departamento";5;13;13;"2025-05-29 00:00:00";"2025-05-29 00:00:00"
6;"Gaiman";"Departamento";5;13;13;"2025-05-29 00:00:00";"2025-05-29 00:00:00"
7;"Gastre";"Departamento";5;13;13;"2025-05-29 00:00:00";"2025-05-29 00:00:00"
8;"Languiñeo";"Departamento";5;13;13;"2025-05-29 00:00:00";"2025-05-29 00:00:00"
9;"Mártires";"Departamento";5;13;13;"2025-05-29 00:00:00";"2025-05-29 00:00:00"
10;"Paso de Indios";"Departamento";5;13;13;"2025-05-29 00:00:00";"2025-05-29 00:00:00"
11;"Rawson";"Departamento";5;13;13;"2025-05-29 00:00:00";"2025-05-29 00:00:00"
12;"Río Senguer";"Departamento";5;13;13;"2025-05-29 00:00:00";"2025-05-29 00:00:00"
13;"Sarmiento";"Departamento";5;13;13;"2025-05-29 00:00:00";"2025-05-29 00:00:00"
14;"Tehuelches";"Departamento";5;13;13;"2025-05-29 00:00:00";"2025-05-29 00:00:00"
15;"Telsen";"Departamento";5;13;13;"2025-05-29 00:00:00";"2025-05-29 00:00:00"
1;"Calamuchita";"Departamento";6;13;13;"2025-05-29 00:00:00";"2025-05-29 00:00:00"
2;"Capital";"Departamento";6;13;13;"2025-05-29 00:00:00";"2025-05-29 00:00:00"
3;"Colón";"Departamento";6;13;13;"2025-05-29 00:00:00";"2025-05-29 00:00:00"
4;"Cruz del Eje";"Departamento";6;13;13;"2025-05-29 00:00:00";"2025-05-29 00:00:00"
5;"General Roca";"Departamento";6;13;13;"2025-05-29 00:00:00";"2025-05-29 00:00:00"
6;"General San Martín";"Departamento";6;13;13;"2025-05-29 00:00:00";"2025-05-29 00:00:00"
7;"Ischilín";"Departamento";6;13;13;"2025-05-29 00:00:00";"2025-05-29 00:00:00"
8;"Juárez Celman";"Departamento";6;13;13;"2025-05-29 00:00:00";"2025-05-29 00:00:00"
9;"Marcos Juárez";"Departamento";6;13;13;"2025-05-29 00:00:00";"2025-05-29 00:00:00"
10;"Minas";"Departamento";6;13;13;"2025-05-29 00:00:00";"2025-05-29 00:00:00"
11;"Pocho";"Departamento";6;13;13;"2025-05-29 00:00:00";"2025-05-29 00:00:00"
12;"Presidente Roque Sáenz Peña";"Departamento";6;13;13;"2025-05-29 00:00:00";"2025-05-29 00:00:00"
13;"Punilla";"Departamento";6;13;13;"2025-05-29 00:00:00";"2025-05-29 00:00:00"
14;"Río Cuarto";"Departamento";6;13;13;"2025-05-29 00:00:00";"2025-05-29 00:00:00"
15;"Río Primero";"Departamento";6;13;13;"2025-05-29 00:00:00";"2025-05-29 00:00:00"
16;"Río Seco";"Departamento";6;13;13;"2025-05-29 00:00:00";"2025-05-29 00:00:00"
17;"Río Segundo";"Departamento";6;13;13;"2025-05-29 00:00:00";"2025-05-29 00:00:00"
18;"San Alberto";"Departamento";6;13;13;"2025-05-29 00:00:00";"2025-05-29 00:00:00"
19;"San Javier";"Departamento";6;13;13;"2025-05-29 00:00:00";"2025-05-29 00:00:00"
20;"San Justo";"Departamento";6;13;13;"2025-05-29 00:00:00";"2025-05-29 00:00:00"
21;"Santa María";"Departamento";6;13;13;"2025-05-29 00:00:00";"2025-05-29 00:00:00"
22;"Sobremonte";"Departamento";6;13;13;"2025-05-29 00:00:00";"2025-05-29 00:00:00"
23;"Tercero Arriba";"Departamento";6;13;13;"2025-05-29 00:00:00";"2025-05-29 00:00:00"
24;"Totoral";"Departamento";6;13;13;"2025-05-29 00:00:00";"2025-05-29 00:00:00"
25;"Tulumba";"Departamento";6;13;13;"2025-05-29 00:00:00";"2025-05-29 00:00:00"
26;"Unión";"Departamento";6;13;13;"2025-05-29 00:00:00";"2025-05-29 00:00:00"
1;"Bella Vista";"Departamento";7;13;13;"2025-05-29 00:00:00";"2025-05-29 00:00:00"
2;"Berón de Astrada";"Departamento";7;13;13;"2025-05-29 00:00:00";"2025-05-29 00:00:00"
3;"Capital";"Departamento";7;13;13;"2025-05-29 00:00:00";"2025-05-29 00:00:00"
4;"Concepción";"Departamento";7;13;13;"2025-05-29 00:00:00";"2025-05-29 00:00:00"
5;"Curuzú Cuatiá";"Departamento";7;13;13;"2025-05-29 00:00:00";"2025-05-29 00:00:00"
6;"Empedrado";"Departamento";7;13;13;"2025-05-29 00:00:00";"2025-05-29 00:00:00"
7;"Esquina";"Departamento";7;13;13;"2025-05-29 00:00:00";"2025-05-29 00:00:00"
8;"General Alvear";"Departamento";7;13;13;"2025-05-29 00:00:00";"2025-05-29 00:00:00"
9;"General Paz";"Departamento";7;13;13;"2025-05-29 00:00:00";"2025-05-29 00:00:00"
10;"Goya";"Departamento";7;13;13;"2025-05-29 00:00:00";"2025-05-29 00:00:00"
11;"Itatí";"Departamento";7;13;13;"2025-05-29 00:00:00";"2025-05-29 00:00:00"
12;"Ituzaingó";"Departamento";7;13;13;"2025-05-29 00:00:00";"2025-05-29 00:00:00"
13;"Lavalle";"Departamento";7;13;13;"2025-05-29 00:00:00";"2025-05-29 00:00:00"
14;"Mburucuyá";"Departamento";7;13;13;"2025-05-29 00:00:00";"2025-05-29 00:00:00"
15;"Mercedes";"Departamento";7;13;13;"2025-05-29 00:00:00";"2025-05-29 00:00:00"
16;"Monte Caseros";"Departamento";7;13;13;"2025-05-29 00:00:00";"2025-05-29 00:00:00"
17;"Paso de los Libres";"Departamento";7;13;13;"2025-05-29 00:00:00";"2025-05-29 00:00:00"
18;"Saladas";"Departamento";7;13;13;"2025-05-29 00:00:00";"2025-05-29 00:00:00"
19;"San Cosme";"Departamento";7;13;13;"2025-05-29 00:00:00";"2025-05-29 00:00:00"
20;"San Luis del Palmar";"Departamento";7;13;13;"2025-05-29 00:00:00";"2025-05-29 00:00:00"
21;"San Martín";"Departamento";7;13;13;"2025-05-29 00:00:00";"2025-05-29 00:00:00"
22;"San Miguel";"Departamento";7;13;13;"2025-05-29 00:00:00";"2025-05-29 00:00:00"
23;"San Roque";"Departamento";7;13;13;"2025-05-29 00:00:00";"2025-05-29 00:00:00"
24;"Santo Tomé";"Departamento";7;13;13;"2025-05-29 00:00:00";"2025-05-29 00:00:00"
25;"Sauce";"Departamento";7;13;13;"2025-05-29 00:00:00";"2025-05-29 00:00:00"
1;"Colón";"Departamento";8;13;13;"2025-05-29 00:00:00";"2025-05-29 00:00:00"
2;"Concordia";"Departamento";8;13;13;"2025-05-29 00:00:00";"2025-05-29 00:00:00"
3;"Diamante";"Departamento";8;13;13;"2025-05-29 00:00:00";"2025-05-29 00:00:00"
4;"Federación";"Departamento";8;13;13;"2025-05-29 00:00:00";"2025-05-29 00:00:00"
5;"Federal";"Departamento";8;13;13;"2025-05-29 00:00:00";"2025-05-29 00:00:00"
6;"Feliciano";"Departamento";8;13;13;"2025-05-29 00:00:00";"2025-05-29 00:00:00"
7;"Gualeguay";"Departamento";8;13;13;"2025-05-29 00:00:00";"2025-05-29 00:00:00"
8;"Gualeguaychú";"Departamento";8;13;13;"2025-05-29 00:00:00";"2025-05-29 00:00:00"
9;"Islas del Ibicuy";"Departamento";8;13;13;"2025-05-29 00:00:00";"2025-05-29 00:00:00"
10;"La Paz";"Departamento";8;13;13;"2025-05-29 00:00:00";"2025-05-29 00:00:00"
11;"Nogoyá";"Departamento";8;13;13;"2025-05-29 00:00:00";"2025-05-29 00:00:00"
12;"Paraná";"Departamento";8;13;13;"2025-05-29 00:00:00";"2025-05-29 00:00:00"
13;"San Salvador";"Departamento";8;13;13;"2025-05-29 00:00:00";"2025-05-29 00:00:00"
14;"Tala";"Departamento";8;13;13;"2025-05-29 00:00:00";"2025-05-29 00:00:00"
15;"Uruguay";"Departamento";8;13;13;"2025-05-29 00:00:00";"2025-05-29 00:00:00"
16;"Victoria";"Departamento";8;13;13;"2025-05-29 00:00:00";"2025-05-29 00:00:00"
17;"Villaguay";"Departamento";8;13;13;"2025-05-29 00:00:00";"2025-05-29 00:00:00"
1;"Bermejo";"Departamento";9;13;13;"2025-05-29 00:00:00";"2025-05-29 00:00:00"
2;"Formosa";"Departamento";9;13;13;"2025-05-29 00:00:00";"2025-05-29 00:00:00"
3;"Laishi";"Departamento";9;13;13;"2025-05-29 00:00:00";"2025-05-29 00:00:00"
4;"Matacos";"Departamento";9;13;13;"2025-05-29 00:00:00";"2025-05-29 00:00:00"
5;"Patiño";"Departamento";9;13;13;"2025-05-29 00:00:00";"2025-05-29 00:00:00"
6;"Pilagás";"Departamento";9;13;13;"2025-05-29 00:00:00";"2025-05-29 00:00:00"
7;"Pilcomayo";"Departamento";9;13;13;"2025-05-29 00:00:00";"2025-05-29 00:00:00"
8;"Pirané";"Departamento";9;13;13;"2025-05-29 00:00:00";"2025-05-29 00:00:00"
9;"Ramón Lista";"Departamento";9;13;13;"2025-05-29 00:00:00";"2025-05-29 00:00:00"
1;"Cochinoca";"Departamento";10;13;13;"2025-05-29 00:00:00";"2025-05-29 00:00:00"
2;"Dr Manuel Belgrano";"Departamento";10;13;13;"2025-05-29 00:00:00";"2025-05-29 00:00:00"
3;"El Carmen";"Departamento";10;13;13;"2025-05-29 00:00:00";"2025-05-29 00:00:00"
4;"Humahuaca";"Departamento";10;13;13;"2025-05-29 00:00:00";"2025-05-29 00:00:00"
5;"Ledesma";"Departamento";10;13;13;"2025-05-29 00:00:00";"2025-05-29 00:00:00"
6;"Palpalá";"Departamento";10;13;13;"2025-05-29 00:00:00";"2025-05-29 00:00:00"
7;"Rinconada";"Departamento";10;13;13;"2025-05-29 00:00:00";"2025-05-29 00:00:00"
8;"San Antonio";"Departamento";10;13;13;"2025-05-29 00:00:00";"2025-05-29 00:00:00"
9;"San Pedro";"Departamento";10;13;13;"2025-05-29 00:00:00";"2025-05-29 00:00:00"
10;"Santa Bárbara";"Departamento";10;13;13;"2025-05-29 00:00:00";"2025-05-29 00:00:00"
11;"Santa Catalina";"Departamento";10;13;13;"2025-05-29 00:00:00";"2025-05-29 00:00:00"
12;"Susques";"Departamento";10;13;13;"2025-05-29 00:00:00";"2025-05-29 00:00:00"
13;"Tilcara";"Departamento";10;13;13;"2025-05-29 00:00:00";"2025-05-29 00:00:00"
14;"Tumbaya";"Departamento";10;13;13;"2025-05-29 00:00:00";"2025-05-29 00:00:00"
15;"Valle Grande";"Departamento";10;13;13;"2025-05-29 00:00:00";"2025-05-29 00:00:00"
16;"Yavi";"Departamento";10;13;13;"2025-05-29 00:00:00";"2025-05-29 00:00:00"
1;"Atreucó";"Departamento";11;13;13;"2025-05-29 00:00:00";"2025-05-29 00:00:00"
2;"Caleu Caleu";"Departamento";11;13;13;"2025-05-29 00:00:00";"2025-05-29 00:00:00"
3;"Capital";"Departamento";11;13;13;"2025-05-29 00:00:00";"2025-05-29 00:00:00"
4;"Catriló";"Departamento";11;13;13;"2025-05-29 00:00:00";"2025-05-29 00:00:00"
5;"Chalileo";"Departamento";11;13;13;"2025-05-29 00:00:00";"2025-05-29 00:00:00"
6;"Chapaleufú";"Departamento";11;13;13;"2025-05-29 00:00:00";"2025-05-29 00:00:00"
7;"Chical Co";"Departamento";11;13;13;"2025-05-29 00:00:00";"2025-05-29 00:00:00"
8;"Conhelo";"Departamento";11;13;13;"2025-05-29 00:00:00";"2025-05-29 00:00:00"
9;"Curacó";"Departamento";11;13;13;"2025-05-29 00:00:00";"2025-05-29 00:00:00"
10;"Guatraché";"Departamento";11;13;13;"2025-05-29 00:00:00";"2025-05-29 00:00:00"
11;"Hucal";"Departamento";11;13;13;"2025-05-29 00:00:00";"2025-05-29 00:00:00"
12;"Lihuel Calel";"Departamento";11;13;13;"2025-05-29 00:00:00";"2025-05-29 00:00:00"
13;"Limay Mahuida";"Departamento";11;13;13;"2025-05-29 00:00:00";"2025-05-29 00:00:00"
14;"Loventué";"Departamento";11;13;13;"2025-05-29 00:00:00";"2025-05-29 00:00:00"
15;"Maracó";"Departamento";11;13;13;"2025-05-29 00:00:00";"2025-05-29 00:00:00"
16;"Puelén";"Departamento";11;13;13;"2025-05-29 00:00:00";"2025-05-29 00:00:00"
17;"Quemú Quemú";"Departamento";11;13;13;"2025-05-29 00:00:00";"2025-05-29 00:00:00"
18;"Rancul";"Departamento";11;13;13;"2025-05-29 00:00:00";"2025-05-29 00:00:00"
19;"Realicó";"Departamento";11;13;13;"2025-05-29 00:00:00";"2025-05-29 00:00:00"
20;"Toay";"Departamento";11;13;13;"2025-05-29 00:00:00";"2025-05-29 00:00:00"
21;"Trenel";"Departamento";11;13;13;"2025-05-29 00:00:00";"2025-05-29 00:00:00"
22;"Utracán";"Departamento";11;13;13;"2025-05-29 00:00:00";"2025-05-29 00:00:00"
1;"Angel Vicente Peñaloza";"Departamento";12;13;13;"2025-05-29 00:00:00";"2025-05-29 00:00:00"
2;"Arauco";"Departamento";12;13;13;"2025-05-29 00:00:00";"2025-05-29 00:00:00"
3;"Capital";"Departamento";12;13;13;"2025-05-29 00:00:00";"2025-05-29 00:00:00"
4;"Castro Barros";"Departamento";12;13;13;"2025-05-29 00:00:00";"2025-05-29 00:00:00"
5;"Chamical";"Departamento";12;13;13;"2025-05-29 00:00:00";"2025-05-29 00:00:00"
6;"Chilecito";"Departamento";12;13;13;"2025-05-29 00:00:00";"2025-05-29 00:00:00"
7;"Famatina";"Departamento";12;13;13;"2025-05-29 00:00:00";"2025-05-29 00:00:00"
8;"General Belgrano";"Departamento";12;13;13;"2025-05-29 00:00:00";"2025-05-29 00:00:00"
9;"General Felipe Varela";"Departamento";12;13;13;"2025-05-29 00:00:00";"2025-05-29 00:00:00"
10;"General Juan Facundo Quiroga";"Departamento";12;13;13;"2025-05-29 00:00:00";"2025-05-29 00:00:00"
11;"General Lamadrid";"Departamento";12;13;13;"2025-05-29 00:00:00";"2025-05-29 00:00:00"
12;"General Ortiz de Ocampo";"Departamento";12;13;13;"2025-05-29 00:00:00";"2025-05-29 00:00:00"
13;"General San Martín";"Departamento";12;13;13;"2025-05-29 00:00:00";"2025-05-29 00:00:00"
14;"Independencia";"Departamento";12;13;13;"2025-05-29 00:00:00";"2025-05-29 00:00:00"
15;"Rosario Vera Peñaloza";"Departamento";12;13;13;"2025-05-29 00:00:00";"2025-05-29 00:00:00"
16;"San Blas de Los Sauces";"Departamento";12;13;13;"2025-05-29 00:00:00";"2025-05-29 00:00:00"
17;"Sanagasta";"Departamento";12;13;13;"2025-05-29 00:00:00";"2025-05-29 00:00:00"
18;"Vinchina";"Departamento";12;13;13;"2025-05-29 00:00:00";"2025-05-29 00:00:00"
1;"Capital";"Departamento";13;13;13;"2025-05-29 00:00:00";"2025-05-29 00:00:00"
2;"General Alvear";"Departamento";13;13;13;"2025-05-29 00:00:00";"2025-05-29 00:00:00"
3;"Godoy Cruz";"Departamento";13;13;13;"2025-05-29 00:00:00";"2025-05-29 00:00:00"
4;"Guaymallén";"Departamento";13;13;13;"2025-05-29 00:00:00";"2025-05-29 00:00:00"
5;"Junín";"Departamento";13;13;13;"2025-05-29 00:00:00";"2025-05-29 00:00:00"
6;"La Paz";"Departamento";13;13;13;"2025-05-29 00:00:00";"2025-05-29 00:00:00"
7;"Las Heras";"Departamento";13;13;13;"2025-05-29 00:00:00";"2025-05-29 00:00:00"
8;"Lavalle";"Departamento";13;13;13;"2025-05-29 00:00:00";"2025-05-29 00:00:00"
9;"Luján de Cuyo";"Departamento";13;13;13;"2025-05-29 00:00:00";"2025-05-29 00:00:00"
10;"Maipú";"Departamento";13;13;13;"2025-05-29 00:00:00";"2025-05-29 00:00:00"
11;"Malargüe";"Departamento";13;13;13;"2025-05-29 00:00:00";"2025-05-29 00:00:00"
12;"Rivadavia";"Departamento";13;13;13;"2025-05-29 00:00:00";"2025-05-29 00:00:00"
13;"San Carlos";"Departamento";13;13;13;"2025-05-29 00:00:00";"2025-05-29 00:00:00"
14;"San Martín";"Departamento";13;13;13;"2025-05-29 00:00:00";"2025-05-29 00:00:00"
15;"San Rafael";"Departamento";13;13;13;"2025-05-29 00:00:00";"2025-05-29 00:00:00"
16;"Santa Rosa";"Departamento";13;13;13;"2025-05-29 00:00:00";"2025-05-29 00:00:00"
17;"Tunuyán";"Departamento";13;13;13;"2025-05-29 00:00:00";"2025-05-29 00:00:00"
18;"Tupungato";"Departamento";13;13;13;"2025-05-29 00:00:00";"2025-05-29 00:00:00"
1;"25 de mayo";"Departamento";14;13;13;"2025-05-29 00:00:00";"2025-05-29 00:00:00"
2;"Apóstoles";"Departamento";14;13;13;"2025-05-29 00:00:00";"2025-05-29 00:00:00"
3;"Cainguás";"Departamento";14;13;13;"2025-05-29 00:00:00";"2025-05-29 00:00:00"
4;"Candelaria";"Departamento";14;13;13;"2025-05-29 00:00:00";"2025-05-29 00:00:00"
5;"Capital";"Departamento";14;13;13;"2025-05-29 00:00:00";"2025-05-29 00:00:00"
6;"Concepción";"Departamento";14;13;13;"2025-05-29 00:00:00";"2025-05-29 00:00:00"
7;"Eldorado";"Departamento";14;13;13;"2025-05-29 00:00:00";"2025-05-29 00:00:00"
8;"General Manuel Belgrano";"Departamento";14;13;13;"2025-05-29 00:00:00";"2025-05-29 00:00:00"
9;"Guaraní";"Departamento";14;13;13;"2025-05-29 00:00:00";"2025-05-29 00:00:00"
10;"Iguazú";"Departamento";14;13;13;"2025-05-29 00:00:00";"2025-05-29 00:00:00"
11;"Leandro N. Alem";"Departamento";14;13;13;"2025-05-29 00:00:00";"2025-05-29 00:00:00"
12;"Libertador General San Martín";"Departamento";14;13;13;"2025-05-29 00:00:00";"2025-05-29 00:00:00"
13;"Montecarlo";"Departamento";14;13;13;"2025-05-29 00:00:00";"2025-05-29 00:00:00"
14;"Oberá";"Departamento";14;13;13;"2025-05-29 00:00:00";"2025-05-29 00:00:00"
15;"San Ignacio";"Departamento";14;13;13;"2025-05-29 00:00:00";"2025-05-29 00:00:00"
16;"San Javier";"Departamento";14;13;13;"2025-05-29 00:00:00";"2025-05-29 00:00:00"
17;"San Pedro";"Departamento";14;13;13;"2025-05-29 00:00:00";"2025-05-29 00:00:00"
1;"Aluminé";"Departamento";15;13;13;"2025-05-29 00:00:00";"2025-05-29 00:00:00"
2;"Añelo";"Departamento";15;13;13;"2025-05-29 00:00:00";"2025-05-29 00:00:00"
3;"Capital";"Departamento";15;13;13;"2025-05-29 00:00:00";"2025-05-29 00:00:00"
4;"Catán Lil";"Departamento";15;13;13;"2025-05-29 00:00:00";"2025-05-29 00:00:00"
5;"Chos Malal";"Departamento";15;13;13;"2025-05-29 00:00:00";"2025-05-29 00:00:00"
6;"Collón Curá";"Departamento";15;13;13;"2025-05-29 00:00:00";"2025-05-29 00:00:00"
7;"Confluencia";"Departamento";15;13;13;"2025-05-29 00:00:00";"2025-05-29 00:00:00"
8;"Huiliches";"Departamento";15;13;13;"2025-05-29 00:00:00";"2025-05-29 00:00:00"
9;"Lácar";"Departamento";15;13;13;"2025-05-29 00:00:00";"2025-05-29 00:00:00"
10;"Loncopué";"Departamento";15;13;13;"2025-05-29 00:00:00";"2025-05-29 00:00:00"
11;"Los Lagos";"Departamento";15;13;13;"2025-05-29 00:00:00";"2025-05-29 00:00:00"
12;"Minas";"Departamento";15;13;13;"2025-05-29 00:00:00";"2025-05-29 00:00:00"
13;"Ñorquín";"Departamento";15;13;13;"2025-05-29 00:00:00";"2025-05-29 00:00:00"
14;"Pehuenches";"Departamento";15;13;13;"2025-05-29 00:00:00";"2025-05-29 00:00:00"
15;"Picún Leufú";"Departamento";15;13;13;"2025-05-29 00:00:00";"2025-05-29 00:00:00"
16;"Picunches";"Departamento";15;13;13;"2025-05-29 00:00:00";"2025-05-29 00:00:00"
17;"Zapala";"Departamento";15;13;13;"2025-05-29 00:00:00";"2025-05-29 00:00:00"
1;"25 de mayo";"Departamento";16;13;13;"2025-05-29 00:00:00";"2025-05-29 00:00:00"
2;"9 de julio";"Departamento";16;13;13;"2025-05-29 00:00:00";"2025-05-29 00:00:00"
3;"Adolfo Alsina";"Departamento";16;13;13;"2025-05-29 00:00:00";"2025-05-29 00:00:00"
4;"Avellaneda";"Departamento";16;13;13;"2025-05-29 00:00:00";"2025-05-29 00:00:00"
5;"Bariloche";"Departamento";16;13;13;"2025-05-29 00:00:00";"2025-05-29 00:00:00"
6;"Conesa";"Departamento";16;13;13;"2025-05-29 00:00:00";"2025-05-29 00:00:00"
7;"El Cuy";"Departamento";16;13;13;"2025-05-29 00:00:00";"2025-05-29 00:00:00"
8;"General Roca";"Departamento";16;13;13;"2025-05-29 00:00:00";"2025-05-29 00:00:00"
9;"Ñorquinco";"Departamento";16;13;13;"2025-05-29 00:00:00";"2025-05-29 00:00:00"
10;"Pichi Mahuida";"Departamento";16;13;13;"2025-05-29 00:00:00";"2025-05-29 00:00:00"
11;"Pilcaniyeu";"Departamento";16;13;13;"2025-05-29 00:00:00";"2025-05-29 00:00:00"
12;"San Antonio";"Departamento";16;13;13;"2025-05-29 00:00:00";"2025-05-29 00:00:00"
13;"Valcheta";"Departamento";16;13;13;"2025-05-29 00:00:00";"2025-05-29 00:00:00"
1;"Anta";"Departamento";17;13;13;"2025-05-29 00:00:00";"2025-05-29 00:00:00"
2;"Cachi";"Departamento";17;13;13;"2025-05-29 00:00:00";"2025-05-29 00:00:00"
3;"Cafayate";"Departamento";17;13;13;"2025-05-29 00:00:00";"2025-05-29 00:00:00"
4;"Capital";"Departamento";17;13;13;"2025-05-29 00:00:00";"2025-05-29 00:00:00"
5;"Cerrillos";"Departamento";17;13;13;"2025-05-29 00:00:00";"2025-05-29 00:00:00"
6;"Chicoana";"Departamento";17;13;13;"2025-05-29 00:00:00";"2025-05-29 00:00:00"
7;"General Güemes";"Departamento";17;13;13;"2025-05-29 00:00:00";"2025-05-29 00:00:00"
8;"General José de San Martín";"Departamento";17;13;13;"2025-05-29 00:00:00";"2025-05-29 00:00:00"
9;"Guachipas";"Departamento";17;13;13;"2025-05-29 00:00:00";"2025-05-29 00:00:00"
10;"Iruya";"Departamento";17;13;13;"2025-05-29 00:00:00";"2025-05-29 00:00:00"
11;"La Caldera";"Departamento";17;13;13;"2025-05-29 00:00:00";"2025-05-29 00:00:00"
12;"La Candelaria";"Departamento";17;13;13;"2025-05-29 00:00:00";"2025-05-29 00:00:00"
13;"La Poma";"Departamento";17;13;13;"2025-05-29 00:00:00";"2025-05-29 00:00:00"
14;"La Viña";"Departamento";17;13;13;"2025-05-29 00:00:00";"2025-05-29 00:00:00"
15;"Los Andes";"Departamento";17;13;13;"2025-05-29 00:00:00";"2025-05-29 00:00:00"
16;"Metán";"Departamento";17;13;13;"2025-05-29 00:00:00";"2025-05-29 00:00:00"
17;"Molinos";"Departamento";17;13;13;"2025-05-29 00:00:00";"2025-05-29 00:00:00"
18;"Orán";"Departamento";17;13;13;"2025-05-29 00:00:00";"2025-05-29 00:00:00"
19;"Rivadavia";"Departamento";17;13;13;"2025-05-29 00:00:00";"2025-05-29 00:00:00"
20;"Rosario de la Frontera";"Departamento";17;13;13;"2025-05-29 00:00:00";"2025-05-29 00:00:00"
21;"Rosario de Lerma";"Departamento";17;13;13;"2025-05-29 00:00:00";"2025-05-29 00:00:00"
22;"San Carlos";"Departamento";17;13;13;"2025-05-29 00:00:00";"2025-05-29 00:00:00"
23;"Santa Victoria";"Departamento";17;13;13;"2025-05-29 00:00:00";"2025-05-29 00:00:00"
1;"25 de Mayo";"Departamento";18;13;13;"2025-05-29 00:00:00";"2025-05-29 00:00:00"
2;"9 de Julio";"Departamento";18;13;13;"2025-05-29 00:00:00";"2025-05-29 00:00:00"
3;"Albardón";"Departamento";18;13;13;"2025-05-29 00:00:00";"2025-05-29 00:00:00"
4;"Angaco";"Departamento";18;13;13;"2025-05-29 00:00:00";"2025-05-29 00:00:00"
5;"Calingasta";"Departamento";18;13;13;"2025-05-29 00:00:00";"2025-05-29 00:00:00"
6;"Capital";"Departamento";18;13;13;"2025-05-29 00:00:00";"2025-05-29 00:00:00"
7;"Caucete";"Departamento";18;13;13;"2025-05-29 00:00:00";"2025-05-29 00:00:00"
8;"Chimbas";"Departamento";18;13;13;"2025-05-29 00:00:00";"2025-05-29 00:00:00"
9;"Iglesia";"Departamento";18;13;13;"2025-05-29 00:00:00";"2025-05-29 00:00:00"
10;"Jáchal";"Departamento";18;13;13;"2025-05-29 00:00:00";"2025-05-29 00:00:00"
11;"Pocito";"Departamento";18;13;13;"2025-05-29 00:00:00";"2025-05-29 00:00:00"
12;"Rawson";"Departamento";18;13;13;"2025-05-29 00:00:00";"2025-05-29 00:00:00"
13;"Rivadavia";"Departamento";18;13;13;"2025-05-29 00:00:00";"2025-05-29 00:00:00"
14;"San Martín";"Departamento";18;13;13;"2025-05-29 00:00:00";"2025-05-29 00:00:00"
15;"Santa Lucía";"Departamento";18;13;13;"2025-05-29 00:00:00";"2025-05-29 00:00:00"
16;"Sarmiento";"Departamento";18;13;13;"2025-05-29 00:00:00";"2025-05-29 00:00:00"
17;"Ullum";"Departamento";18;13;13;"2025-05-29 00:00:00";"2025-05-29 00:00:00"
18;"Valle Fértil";"Departamento";18;13;13;"2025-05-29 00:00:00";"2025-05-29 00:00:00"
19;"Zonda";"Departamento";18;13;13;"2025-05-29 00:00:00";"2025-05-29 00:00:00"
1;"Gobernador Dupuy";"Departamento";19;13;13;"2025-05-29 00:00:00";"2025-05-29 00:00:00"
2;"Ayacucho";"Departamento";19;13;13;"2025-05-29 00:00:00";"2025-05-29 00:00:00"
3;"Libertador General San Martín";"Departamento";19;13;13;"2025-05-29 00:00:00";"2025-05-29 00:00:00"
4;"Coronel Pringles";"Departamento";19;13;13;"2025-05-29 00:00:00";"2025-05-29 00:00:00"
5;"Chacabuco";"Departamento";19;13;13;"2025-05-29 00:00:00";"2025-05-29 00:00:00"
6;"Juan Martín de Pueyrredón";"Departamento";19;13;13;"2025-05-29 00:00:00";"2025-05-29 00:00:00"
7;"General Pedernera";"Departamento";19;13;13;"2025-05-29 00:00:00";"2025-05-29 00:00:00"
8;"Junín";"Departamento";19;13;13;"2025-05-29 00:00:00";"2025-05-29 00:00:00"
9;"Belgrano";"Departamento";19;13;13;"2025-05-29 00:00:00";"2025-05-29 00:00:00"
1;"Corpen Aike";"Departamento";20;13;13;"2025-05-29 00:00:00";"2025-05-29 00:00:00"
2;"Deseado";"Departamento";20;13;13;"2025-05-29 00:00:00";"2025-05-29 00:00:00"
3;"Güer Aike";"Departamento";20;13;13;"2025-05-29 00:00:00";"2025-05-29 00:00:00"
4;"Lago Argentino";"Departamento";20;13;13;"2025-05-29 00:00:00";"2025-05-29 00:00:00"
5;"Lago Buenos Aires";"Departamento";20;13;13;"2025-05-29 00:00:00";"2025-05-29 00:00:00"
6;"Magallanes";"Departamento";20;13;13;"2025-05-29 00:00:00";"2025-05-29 00:00:00"
7;"Río Chico";"Departamento";20;13;13;"2025-05-29 00:00:00";"2025-05-29 00:00:00"
1;"9 de julio";"Departamento";21;13;13;"2025-05-29 00:00:00";"2025-05-29 00:00:00"
2;"Belgrano";"Departamento";21;13;13;"2025-05-29 00:00:00";"2025-05-29 00:00:00"
3;"Caseros";"Departamento";21;13;13;"2025-05-29 00:00:00";"2025-05-29 00:00:00"
4;"Castellanos";"Departamento";21;13;13;"2025-05-29 00:00:00";"2025-05-29 00:00:00"
5;"Constitución";"Departamento";21;13;13;"2025-05-29 00:00:00";"2025-05-29 00:00:00"
6;"Garay";"Departamento";21;13;13;"2025-05-29 00:00:00";"2025-05-29 00:00:00"
7;"General López";"Departamento";21;13;13;"2025-05-29 00:00:00";"2025-05-29 00:00:00"
8;"General Obligado";"Departamento";21;13;13;"2025-05-29 00:00:00";"2025-05-29 00:00:00"
9;"Iriondo";"Departamento";21;13;13;"2025-05-29 00:00:00";"2025-05-29 00:00:00"
10;"La Capital";"Departamento";21;13;13;"2025-05-29 00:00:00";"2025-05-29 00:00:00"
11;"Las Colonias";"Departamento";21;13;13;"2025-05-29 00:00:00";"2025-05-29 00:00:00"
12;"Rosario";"Departamento";21;13;13;"2025-05-29 00:00:00";"2025-05-29 00:00:00"
13;"San Cristóbal";"Departamento";21;13;13;"2025-05-29 00:00:00";"2025-05-29 00:00:00"
14;"San Javier";"Departamento";21;13;13;"2025-05-29 00:00:00";"2025-05-29 00:00:00"
15;"San Jerónimo";"Departamento";21;13;13;"2025-05-29 00:00:00";"2025-05-29 00:00:00"
16;"San Justo";"Departamento";21;13;13;"2025-05-29 00:00:00";"2025-05-29 00:00:00"
17;"San Lorenzo";"Departamento";21;13;13;"2025-05-29 00:00:00";"2025-05-29 00:00:00"
18;"San Martín";"Departamento";21;13;13;"2025-05-29 00:00:00";"2025-05-29 00:00:00"
19;"Vera";"Departamento";21;13;13;"2025-05-29 00:00:00";"2025-05-29 00:00:00"
1;"Aguirre";"Departamento";22;13;13;"2025-05-29 00:00:00";"2025-05-29 00:00:00"
2;"Alberdi";"Departamento";22;13;13;"2025-05-29 00:00:00";"2025-05-29 00:00:00"
3;"Atamisqui";"Departamento";22;13;13;"2025-05-29 00:00:00";"2025-05-29 00:00:00"
4;"Avellaneda";"Departamento";22;13;13;"2025-05-29 00:00:00";"2025-05-29 00:00:00"
5;"Banda";"Departamento";22;13;13;"2025-05-29 00:00:00";"2025-05-29 00:00:00"
6;"Belgrano";"Departamento";22;13;13;"2025-05-29 00:00:00";"2025-05-29 00:00:00"
7;"Capital";"Departamento";22;13;13;"2025-05-29 00:00:00";"2025-05-29 00:00:00"
8;"Choya";"Departamento";22;13;13;"2025-05-29 00:00:00";"2025-05-29 00:00:00"
9;"Copo";"Departamento";22;13;13;"2025-05-29 00:00:00";"2025-05-29 00:00:00"
10;"Figueroa";"Departamento";22;13;13;"2025-05-29 00:00:00";"2025-05-29 00:00:00"
11;"General Taboada";"Departamento";22;13;13;"2025-05-29 00:00:00";"2025-05-29 00:00:00"
12;"Guasayán";"Departamento";22;13;13;"2025-05-29 00:00:00";"2025-05-29 00:00:00"
13;"Jiménez";"Departamento";22;13;13;"2025-05-29 00:00:00";"2025-05-29 00:00:00"
14;"Juan Felipe Ibarra";"Departamento";22;13;13;"2025-05-29 00:00:00";"2025-05-29 00:00:00"
15;"Loreto";"Departamento";22;13;13;"2025-05-29 00:00:00";"2025-05-29 00:00:00"
16;"Mitre";"Departamento";22;13;13;"2025-05-29 00:00:00";"2025-05-29 00:00:00"
17;"Moreno";"Departamento";22;13;13;"2025-05-29 00:00:00";"2025-05-29 00:00:00"
18;"Ojo de Agua";"Departamento";22;13;13;"2025-05-29 00:00:00";"2025-05-29 00:00:00"
19;"Pellegrini";"Departamento";22;13;13;"2025-05-29 00:00:00";"2025-05-29 00:00:00"
20;"Quebrachos";"Departamento";22;13;13;"2025-05-29 00:00:00";"2025-05-29 00:00:00"
21;"Río Hondo";"Departamento";22;13;13;"2025-05-29 00:00:00";"2025-05-29 00:00:00"
22;"Rivadavia";"Departamento";22;13;13;"2025-05-29 00:00:00";"2025-05-29 00:00:00"
23;"Robles";"Departamento";22;13;13;"2025-05-29 00:00:00";"2025-05-29 00:00:00"
24;"Salavina";"Departamento";22;13;13;"2025-05-29 00:00:00";"2025-05-29 00:00:00"
25;"San Martín";"Departamento";22;13;13;"2025-05-29 00:00:00";"2025-05-29 00:00:00"
26;"Sarmiento";"Departamento";22;13;13;"2025-05-29 00:00:00";"2025-05-29 00:00:00"
27;"Silípica";"Departamento";22;13;13;"2025-05-29 00:00:00";"2025-05-29 00:00:00"
1;"Antártida Argentina";"Departamento";23;13;13;"2025-05-29 00:00:00";"2025-05-29 00:00:00"
2;"Islas del Atlántico Sur";"Departamento";23;13;13;"2025-05-29 00:00:00";"2025-05-29 00:00:00"
3;"Río Grande";"Departamento";23;13;13;"2025-05-29 00:00:00";"2025-05-29 00:00:00"
4;"Tolhuin";"Departamento";23;13;13;"2025-05-29 00:00:00";"2025-05-29 00:00:00"
5;"Ushuaia";"Departamento";23;13;13;"2025-05-29 00:00:00";"2025-05-29 00:00:00"
1;"Burruyacú";"Departamento";24;13;13;"2025-05-29 00:00:00";"2025-05-29 00:00:00"
2;"Capital";"Departamento";24;13;13;"2025-05-29 00:00:00";"2025-05-29 00:00:00"
3;"Chicligasta";"Departamento";24;13;13;"2025-05-29 00:00:00";"2025-05-29 00:00:00"
4;"Cruz Alta";"Departamento";24;13;13;"2025-05-29 00:00:00";"2025-05-29 00:00:00"
5;"Famaillá";"Departamento";24;13;13;"2025-05-29 00:00:00";"2025-05-29 00:00:00"
6;"Graneros";"Departamento";24;13;13;"2025-05-29 00:00:00";"2025-05-29 00:00:00"
7;"Juan Bautista Alberdi";"Departamento";24;13;13;"2025-05-29 00:00:00";"2025-05-29 00:00:00"
8;"La Cocha";"Departamento";24;13;13;"2025-05-29 00:00:00";"2025-05-29 00:00:00"
9;"Leales";"Departamento";24;13;13;"2025-05-29 00:00:00";"2025-05-29 00:00:00"
10;"Lules";"Departamento";24;13;13;"2025-05-29 00:00:00";"2025-05-29 00:00:00"
11;"Monteros";"Departamento";24;13;13;"2025-05-29 00:00:00";"2025-05-29 00:00:00"
12;"Río Chico";"Departamento";24;13;13;"2025-05-29 00:00:00";"2025-05-29 00:00:00"
13;"Simoca";"Departamento";24;13;13;"2025-05-29 00:00:00";"2025-05-29 00:00:00"
14;"Tafí del Valle";"Departamento";24;13;13;"2025-05-29 00:00:00";"2025-05-29 00:00:00"
15;"Tafí Viejo";"Departamento";24;13;13;"2025-05-29 00:00:00";"2025-05-29 00:00:00"
16;"Trancas";"Departamento";24;13;13;"2025-05-29 00:00:00";"2025-05-29 00:00:00"
17;"Yerba Buena";"Departamento";24;13;13;"2025-05-29 00:00:00";"2025-05-29 00:00:00"
